{
  "HOTWHEELS": [
    {
      "name": "Hot Wheels Premium Car Culture Eurospeed Bugatti Bolide",
      "price": 35,
      "stock": 2,
      "image": "imagenes/BugattiBolide.webp"
    },
    {
      "name": "Hot Wheels Premium Fast & Furious Toyota FJ Cruiser",
      "price": 35,
      "stock": 2,
      "image": "imagenes/ToyotaCruiser.webp"
    },
    {
      "name": "Hot Wheels 2024 Premium Car Culture Slide Street 2 - LB-Works Lamborghini Huracan",
      "price": 35,
      "stock": 1,
      "image": "imagenes/HuracanLB.webp"
    },
    {
      "name": "Hot Wheels Premium Car Culture Hammer Drop Mazda 787B",
      "price": 35,
      "stock": 1,
      "image": "imagenes/Mazda787b.webp"
    },
    {
      "name": "Hot Wheels Premium Fast & Furious 1969 Ford Mustang Boss 302",
      "price": 35,
      "stock": 2,
      "image": "imagenes/Mustangfyf.webp"
    },
    {
      "name": "Hot Wheels Premium Pop Culture G.I. Joe Combat Jet Skystriker",
      "price": 35,
      "stock": 1,
      "image": "imagenes/Skystriker.webp"
    },
    {
      "name": "Hot Wheels Premium Fast & Furious 25th Anniversary Set of 5 (Eclipse Spectraflame)",
      "price": 300,
      "stock": 10,
      "image": "imagenes/FastFuriosSet5autos.webp"
    },
    {
      "name": "Hot Wheels Team Transport 2025 H (AE86 / Duster / Ferrari 250 GTO / Fiat 642)",
      "price": 300,
      "stock": 1,
      "image": "imagenes/TeamTransportH.webp"
    },
    {
      "name": "Hot Wheels Premium Fast & Furious W Motors Lykan Hypersport",
      "price": 35,
      "stock": 1,
      "image": "imagenes/LykanSport.webp"
    }
  ],

  "M2": [
    {
      "name": "M2 Machines 1977 Chevrolet Cheyenne Super 30 “Dia De Los Muertos” - Limited Edition",
      "price": 70,
      "stock": 1,
      "image": "imagenes/Cheyenne.webp"
    }
  ],

  "MiniGT - Kaido House": [
    {
      "name": "Mini GT Kaido House Nissan Skyline GT-R (R34) Tamiya x Kaido House The Grasshopper V1",
      "price": 100,
      "discount": 10,
      "finalPrice": 90,
      "stock": 1,
      "image": "imagenes/Grasshopper.webp"
    },
    {
      "name": "Mini GT Nissan Z VeilSide FFZ400 Gold Chrome",
      "price": 80,
      "stock": 1,
      "image": "imagenes/NissanVeilside.webp"
    },
    {
      "name": "Mini GT Toyota GR86 LB★Nation White",
      "price": 70,
      "stock": 1,
      "image": "imagenes/ToyotaGR86.webp"
    },
    {
      "name": "Rexy – Porsche 911 GT3 R #77 AO Racing 2024 IMSA Daytona 24 Hrs GTD Pro 2nd Place",
      "price": 180,
      "stock": 1,
      "image": "imagenes/Rexy.webp"
    },
    {
      "name": "Lamborghini Huracan LB★WORKS ver. 2 Mad Mike NIMBUL",
      "price": 100,
      "stock": 1,
      "image": "imagenes/Nimbul.webp"
    },
    {
      "name": "Qube Carz Set Nissan Skyline Kenmeri GT-R R35 LB WORKS LB-ER34 Super Silhouette S15 SILVIA",
      "price": 200,
      "stock": 1,
      "image": "imagenes/QubeCarz.webp"
    }
  ],

  "POP RACE": [
    {
      "name": "Pop Race Skyline GT-R V8 Drift \"Hakosuka\" Enigma Exclusive Edition",
      "price": 80,
      "stock": 1,
      "image": "imagenes/PopRaceHakosuka.webp"
    },
    {
      "name": "Pop Race PR640277 Top Secret GT300 Supra Chrome Gold 1:64",
      "price": 85,
      "stock": 1,
      "image": "imagenes/TopSecretGT300.webp"
    }
  ],

  "STAR RACE": [
    {
      "name": "Star Race SR64041 Porsche 911 GT3 R Iron Dames #85 1:64 Edición Limitada",
      "price": 80,
      "stock": 1,
      "image": "imagenes/IronDames.webp"
    }
  ],

  "TARMAC": [
    {
      "name": "Tarmac IXO Models Porsche 911 GT3 R Driftshop Special Edition",
      "price": 230,
      "stock": 1,
      "image": "imagenes/TarmacDriftshop.webp"
    },
    {
      "name": "Tarmac Works x Minichamps Porsche 911 (992) GT3 RS White – Limited to 999 pcs",
      "price": 170,
      "stock": 1,
      "image": "imagenes/tarmacMinichamps.webp"
    }
  ]
}
